{"cameraMode":{"drawMode":0,"name":"Shaded","section":"Shading Mode"},"sceneLighting":false,"audioPlay":false,"sceneViewState":{"showFog":true,"showMaterialUpdate":false,"showSkybox":false,"showFlares":true,"showImageEffects":true,"showParticleSystems":true},"in2DMode":false,"pivot":{"x":1.781999945640564,"y":8.883000373840332,"z":-12.538469314575196},"rotation":{"x":-0.25253477692604067,"y":0.009286093525588513,"z":-0.002424290170893073,"w":-0.9675443172454834},"size":2.857883930206299,"orthographic":false}